{"eval_accuracy": 0.9162666666666667, "dataset_name": "cifar100", "epoch": 8, "peak_memory_usage": 16.82383446}