{"eval_accuracy":0.7242666666666666, "dataset_name": "cifar100", "epoch": 8, "peak_memory_usage": 10.976493568}