{"eval_accuracy": 0.9641333333333333, "dataset_name": "cifar100", "epoch": 8, "peak_memory_usage": 16.821256192}