{"eval_accuracy": 0.9522666666666667, "dataset_name": "cifar100", "epoch": 8, "peak_memory_usage": 14.107541504}