{"eval_accuracy": 0.8249333333333333, "dataset_name": "cifar100", "epoch": 8, "peak_memory_usage": 11.02053376}