{"eval_accuracy": 0.9890666666666666, "dataset_name": "cifar10", "epoch": 8, "peak_memory_usage": 13.16171264}