{"eval_accuracy": 0.9909333333333333, "dataset_name": "cifar10", "epoch": 8, "peak_memory_usage": 16.821239}